{"HP":205.23848644537387,"LP":-190.09165840712927,"LHPL":13.75}
