{"HP":155.60670898439994,"LP":-105.79802637910143,"LHPL":11.772727272727273,"LLPL":12.5,"HPL":22.59090909090909,"LPL":39.45454545454545,"LHPG":15.904318547730647,"LLPG":-8.693421738281607,"RHPG":17.30283771894267,"RLPG":-4.102497307999317,"blink":62.04545454545455,"notBlink":227.0952380952381}