{"HP":208.53590516772545,"LP":-188.80916360422418,"LHPL":12.333333333333334,"LLPL":16.916666666666668,"HPL":24.583333333333332,"LPL":46.416666666666664,"LHPG":16.768056746154688,"LLPG":-11.293783430236452,"RHPG":16.58720770968125,"RLPG":-6.595740325143407,"blink":70.58333333333333,"notBlink":323.45454545454544}