{"HP":197.21622637975594,"LP":-195.9787465577847,"LHPL":14.4,"LLPL":16.4,"HPL":26.6,"LPL":47.4,"LHPG":14.262488423009023,"LLPG":-12.521597698287298,"RHPG":14.862544023684212,"RLPG":-6.321102821217202,"blink":75.6,"notBlink":721}