{"HP":205.00767149300185,"LP":-205.98139567817148,"LHPL":14,"LLPL":16.25,"HPL":25.75,"LPL":45.75,"LHPG":15.086911672501381,"LLPG":-12.419867409134321,"RHPG":17.643717639427162,"RLPG":-6.882759794417362,"blink":71.5,"notBlink":720}