{"HP":224.0386484479584,"LP":-213.2608609377825,"LHPL":13.4,"LLPL":16.2,"HPL":25.6,"LPL":46.2,"LHPG":17.301593871366247,"LLPG":-13.239561782457907,"RHPG":17.797439450903944,"RLPG":-7.09792593688123,"blink":72.6,"notBlink":700.25}