{"HP":142.7573454464025,"LP":-125.30884070542423,"LHPL":10.625,"LLPL":13.458333333333334,"HPL":18.375,"LPL":43.041666666666664,"LHPG":13.960054289096057,"LLPG":-9.780625811290335,"RHPG":19.126359141481974,"RLPG":-4.24363057562682}