{"HP":203.7819965080484,"LP":-172.7537192746163,"LHPL":13.2,"LLPL":14.6,"HPL":24,"LPL":43.6,"LHPG":15.432570294807197,"LLPG":-12.51355508161746,"RHPG":19.171541722646356,"RLPG":-5.988911585608055,"blink":67.2,"notBlink":705.5}