{"HP":207.24046834023042,"LP":-206.50300330749738,"LHPL":12.5,"LLPL":15.75,"HPL":24,"LPL":45.5,"LHPG":16.876271599194258,"LLPG":-13.146633480004022,"RHPG":18.122196618459093,"RLPG":-7.0130877220025285,"blink":69.5,"notBlink":723}