{"HP":141.18845278607103,"LP":-117.03319269933937,"LHPL":10.6,"LLPL":11,"HPL":20.6,"LPL":36.4,"LHPG":14.025637872475746,"LLPG":-9.796119323130302,"RHPG":12.549936909579303,"RLPG":-4.808018574827424,"blink":58.6,"notBlink":744}