{"HP":197.06052459641427,"LP":-196.21784738044678,"LHPL":17.5,"LLPL":16,"HPL":30.25,"LPL":45.25,"LHPG":11.39299905820485,"LLPG":-11.968845257778185,"RHPG":16.263050785110917,"RLPG":-6.813980022758249,"blink":75.25,"notBlink":721.6666666666666}