{"HP":280.39858521076974,"LP":-321.9519255658662,"LHPL":16.25,"LLPL":14.25,"HPL":27.75,"LPL":46.5,"LHPG":16.065801538159615,"LLPG":-23.170609685082795,"RHPG":26.290718861148385,"RLPG":-9.928973572908568,"blink":76,"notBlink":716.3333333333334}