{"HP":160.89880448945593,"LP":-137.33428862182177,"LHPL":10.85,"LLPL":13,"HPL":21.85,"LPL":42.1,"LHPG":15.615924071549752,"LLPG":-11.416681613479735,"RHPG":17.877262436021724,"RLPG":-4.844568366102355,"blink":64.1,"notBlink":176.52631578947367}