{"HP":180.15967979582717,"LP":-128.58788091309452,"LHPL":12.26086956521739,"LLPL":15.26086956521739,"HPL":21.91304347826087,"LPL":43.21739130434783,"LHPG":16.164668014066155,"LLPG":-10.210095280320703,"RHPG":19.521205788112933,"RLPG":-4.643705813630055}