{"HP":194.1488989229002,"LP":-184.89218485584857,"LHPL":13.583333333333334,"LLPL":15.833333333333334,"HPL":25.666666666666668,"LPL":46.166666666666664,"LHPG":14.085470778444126,"LLPG":-12.10276192113025,"RHPG":15.990422140687592,"RLPG":-6.240044127987694,"blink":72.16666666666667,"notBlink":321.3636363636364}