{"HP":166.71121029698205,"LP":-78.40914129007415,"LHPL":25,"LLPL":22,"HPL":43.5,"LPL":69.5,"LHPG":6.958305906147539,"LLPG":-3.1874762955604004,"RHPG":8.764697365101947,"RLPG":-1.8350911707815958,"blink":95,"notBlink":445}