{"HP":203.5545710359102,"LP":-188.90928190898634,"LHPL":14.416666666666666,"LLPL":16.083333333333332,"HPL":27.25,"LPL":45.333333333333336,"LHPG":14.789399194217127,"LLPG":-11.959770635934762,"RHPG":15.868599849451678,"RLPG":-6.54211900815928,"blink":72.83333333333333,"notBlink":319.09090909090907}