{"HP":211.5532553621059,"LP":-208.09231905626717,"LHPL":15,"LLPL":16.4,"HPL":28.4,"LPL":47,"LHPG":14.33682664737483,"LLPG":-13.094382636450181,"RHPG":15.682919874072269,"RLPG":-6.91800037362913,"blink":75.6,"notBlink":719.75}