{"HP":200.52208484325925,"LP":-189.15953295786736,"LHPL":13.833333333333334,"LLPL":15.583333333333334,"HPL":26.166666666666668,"LPL":45.333333333333336,"LHPG":14.985215232609375,"LLPG":-12.214682972678958,"RHPG":16.581842301769587,"RLPG":-6.457713574770085,"blink":71.66666666666667,"notBlink":320.27272727272725}