{"HP":186.27721397770057,"LP":-158.56964312758208,"LHPL":13.4,"LLPL":15.2,"HPL":25.2,"LPL":50,"LHPG":14.580248737213719,"LLPG":-10.079590367871372,"RHPG":16.75753186010743,"RLPG":-4.594815175069003,"blink":75.2,"notBlink":631.75}