{"HP":205.23848644537387,"LP":-190.09165840712927,"LHPL":13.75,"LLPL":12.25,"HPL":24.25,"LPL":43.5,"LHPG":15.430926588840832,"LLPG":-15.77586438911814,"RHPG":19.105947715376914,"RLPG":-6.237572200207149,"blink":67.25,"notBlink":729}