{"HP":106.40211287053677,"LP":-91.30564958154606,"LHPL":13.5,"LLPL":15.5,"HPL":25,"LPL":47,"LHPG":7.990085606566334,"LLPG":-6.0339164421987475,"RHPG":9.583300378632748,"RLPG":-2.9940069750251976,"blink":73,"notBlink":602}