{"HP":205.81916412473282,"LP":-193.79776492612808,"LHPL":13.5,"LLPL":17.75,"HPL":26.75,"LPL":45.75,"LHPG":15.099127810577016,"LLPG":-10.748591344013532,"RHPG":16.653476344605238,"RLPG":-6.584179178820049,"blink":72.5,"notBlink":720}