{"HP":216.70019385368272,"LP":-208.15756130650658,"LHPL":11.8,"LLPL":15.8,"HPL":24.2,"LPL":46.2,"LHPG":19.561632871902827,"LLPG":-12.579268258051194,"RHPG":17.44966424360712,"RLPG":-7.050673472775804,"blink":70.8,"notBlink":692}