{"HP":214.19813491198656,"LP":-205.3286160222668,"LHPL":15,"LLPL":15.2,"HPL":27.4,"LPL":46,"LHPG":14.82984452888758,"LLPG":-12.897815220878183,"RHPG":17.293997412783998,"RLPG":-6.613276328711189,"blink":73.8,"notBlink":697}