{"HP":208.71144883882243,"LP":-218.0472702533999,"LHPL":13.333333333333334,"LLPL":16.333333333333332,"HPL":26.333333333333332,"LPL":48.333333333333336,"LHPG":16.054983184718214,"LLPG":-14.696227737098795,"RHPG":16.3335944371038,"RLPG":-7.112991715401211,"blink":74,"notBlink":711}