{"HP":224.20745414647257,"LP":-215.06885418755093,"LHPL":15.25,"LLPL":14.75,"HPL":28.75,"LPL":45,"LHPG":14.62819168127507,"LLPG":-14.327716033978586,"RHPG":19.247943577926275,"RLPG":-7.133978575500552,"blink":73.5,"notBlink":730}