{"HP":225.94747110971232,"LP":-168.4412149028306,"LHPL":30.5,"LLPL":24.5,"HPL":50,"LPL":59,"LHPG":13.39950242223861,"LLPG":-7.121565796599532,"RHPG":15.33660298993471,"RLPG":-3.747775907406031,"blink":109,"notBlink":241}