{"HP":165.90350037387324,"LP":-107.30654443191953,"LHPL":27.181818181818183,"LLPL":24.90909090909091,"HPL":50.72727272727273,"LPL":61.54545454545455,"LHPG":6.672344878754041,"LLPG":-4.492198990622589,"RHPG":8.976245802394649,"RLPG":-3.818664984603678,"blink":114.0909090909091,"notBlink":277.5}