{"HP":151.44787497893103,"LP":-47.51932446989732,"LHPL":15.3,"LLPL":7.1,"HPL":34.8,"LPL":17.4,"LHPG":10.085519728750654,"LLPG":null,"RHPG":9.425058518137075,"RLPG":-7.58609048151194,"blink":55.2,"notBlink":334.77777777777777}