{"HP":309.88106878307667,"LP":-320.1879250994935,"LHPL":20,"LLPL":13,"HPL":29.75,"LPL":44.5,"LHPG":15.78305964892233,"LLPG":-24.623014329174364,"RHPG":35.88316575670961,"RLPG":-10.01041443474265,"blink":74.75,"notBlink":727}