{"HP":199.32573953461701,"LP":-197.90333087098264,"LHPL":12.4,"LLPL":15.8,"HPL":24,"LPL":45.6,"LHPG":17.27664664275647,"LLPG":-12.813087345080902,"RHPG":17.610647377776722,"RLPG":-6.562862691276384,"blink":70.8,"notBlink":708.25}