{"HP":165.61702142831237,"LP":-146.4245503804051,"LHPL":11.375,"LLPL":12.833333333333334,"HPL":19.458333333333332,"LPL":42.083333333333336,"LHPG":15.162810478733737,"LLPG":-11.93270217898437,"RHPG":20.98863538233234,"RLPG":-5.069574061983865}