{"HP":141.96009047736868,"LP":-95.10283747841743,"LHPL":11.380952380952381,"LLPL":10.761904761904763,"HPL":21.571428571428573,"LPL":35.523809523809526,"LHPG":13.72218974405331,"LLPG":-7.534951140446272,"RHPG":15.894686217513723,"RLPG":-3.831941012365758,"blink":59.04761904761905,"notBlink":175.25}