{"HP":136.4117870305744,"LP":-127.50214975500737,"LHPL":12.25,"LLPL":9.5,"HPL":20.75,"LPL":31.5,"LHPG":12.340562415349686,"LLPG":-11.35506732611817,"RHPG":12.968117744273325,"RLPG":-5.6366746826346645,"blink":55.75,"notBlink":806.6666666666666}